http://certific.ru/|
http://www.plusplugg.com/|
http://00start.com|
http://www.01insights.com|
undefined|
undefined|
undefined|
undefined|
http://www.100-me.com|
http://123goalllc.com|
http://127software.nl/|
http://12c.jp|
undefined|
undefined|
undefined|
http://16lab.net|
http://www.18degs.com|
http://www.180s.com|
undefined|
undefined|
http://www.1cwireless.com|
http://www.1control.it|
http://www.1more.com|
undefined|
http://www.1oaktechnologies.com/|
http://www.1sms.us|
http://www.1up-usa.com|
http://1byone.com/|
http://www.1sttransaction.com|
http://2steplimited.co.uk|
